SKU,Item Name,Image URL
WARN001,Warning rapid movement of workpiece safety sign,https://cdn-images.imagevenue.com/75/d1/7e/ME14I35Q_o.jpg
WARN002,Caution high winds take opening door safety sign,https://cdn-images.imagevenue.com/d7/61/9a/ME14I39F_o.jpg
WARN003,Warning cryo freezer -70 degrees safety sign,https://cdn-images.imagevenue.com/8b/f8/55/ME14I3AX_o.jpg
WARN004,Danger 230 volts electricity safety sign,https://cdn-images.imagevenue.com/f4/33/7f/ME14I3BU_o.jpg
WARN005,Warning steep steps safety sign,https://cdn-images.imagevenue.com/dc/6c/3e/ME14I3FR_o.jpg
WARN006,Mains voltage electricity safety sign,https://cdn-images.imagevenue.com/40/eb/f0/ME14I3G3_o.jpg
WARN007,Danger buried cables safety sign,https://cdn-images.imagevenue.com/1e/d5/58/ME14I3G8_o.jpg
WARN008,Isolator electricity safety sign,https://cdn-images.imagevenue.com/aa/dd/2a/ME14I3GV_o.jpg
WARN009,Warning arc flash safety sign,https://cdn-images.imagevenue.com/11/72/04/ME14I3K4_o.jpg
WARN010,Danger high voltage safety sign,https://cdn-images.imagevenue.com/2f/cc/e2/ME14I3LW_o.jpg
WARN011,Danger electric shock risk safety sign,https://cdn-images.imagevenue.com/0b/2b/0c/ME14I3M2_o.jpg
WARN012,Warning do not put diesel in adblue tank safety sign,https://cdn-images.imagevenue.com/6c/9b/bb/ME14I3MD_o.jpg
WARN013,Warning flammable safety sign,https://cdn-images.imagevenue.com/d3/04/9c/ME14I3MT_o.jpg
WARN014,Caution hot pipes safety sign,https://cdn-images.imagevenue.com/5b/2f/ac/ME14I810_o.jpg
WARN015,Warning sharp safety sign,https://cdn-images.imagevenue.com/80/a9/32/ME14I816_o.jpg
WARN016,Caution during high winds hold the door firmly safety sign,https://cdn-images.imagevenue.com/6e/7b/e7/ME14I82H_o.jpg
WARN017,Autonomous robot in operation safety sign,https://cdn-images.imagevenue.com/bd/07/04/ME14I82M_o.jpg
WARN018,Warning sudden loud noise safety sign,https://cdn-images.imagevenue.com/16/ac/eb/ME14I82P_o.jpg
WARN019,Warning hand crushing bewteen press brake and material safety sign,https://cdn-images.imagevenue.com/f8/d1/a9/ME14I82W_o.jpg
WARN020,Warning keep wet untensils away from hot oil safety sign,https://cdn-images.imagevenue.com/98/8d/e6/ME14I838_o.jpg
WARN021,Danger trip hazard safety sign,https://cdn-images.imagevenue.com/ec/dc/0c/ME14I83G_o.jpg
WARN022,Danger automatical machinery may start without warning safety sign,https://cdn-images.imagevenue.com/49/02/69/ME14I83I_o.jpg
WARN023,Warning crushing of hands safety sign,https://cdn-images.imagevenue.com/ea/05/a4/ME14I83P_o.jpg
WARN024,Warning medical oxygen hazard safety sign,https://cdn-images.imagevenue.com/48/ad/2f/ME14I83R_o.jpg
WARN025,Caution mind the step safety sign,https://cdn-images.imagevenue.com/7c/f4/73/ME14I83U_o.jpg
WARN026,Caution sharp edges safety sign,https://cdn-images.imagevenue.com/69/09/33/ME14I83V_o.jpg
WARN027,Warning watch your hands and fingers safety sign,https://cdn-images.imagevenue.com/9a/5f/19/ME14I83W_o.jpg
WARN028,Moving parts safety sign,https://cdn-images.imagevenue.com/d3/25/8d/ME14I842_o.jpg
WARN029,Warning honey bees on this premises safety sign,https://cdn-images.imagevenue.com/1e/a2/34/ME14I871_o.jpg
WARN030,Caution nip point safety sign,https://cdn-images.imagevenue.com/78/bb/f6/ME14I878_o.jpg
WARN031,Warning electric fence safety sign,https://cdn-images.imagevenue.com/e6/5a/0a/ME14I87B_o.jpg
WARN032,Warning counter rotating rollers safety sign,https://cdn-images.imagevenue.com/75/90/70/ME14I87L_o.jpg
WARN033,Cleaning  materials stored inside safety sign,https://cdn-images.imagevenue.com/49/44/b4/ME14I87V_o.jpg
WARN034,Emergency drugs safety sign,https://cdn-images.imagevenue.com/de/e8/f0/ME14I88K_o.jpg
WARN035,Caution mind your head safety sign,https://cdn-images.imagevenue.com/a4/b8/b0/ME14I88T_o.jpg
WARN036,Danger buried services below safety sign,https://cdn-images.imagevenue.com/b6/af/85/ME14I88V_o.jpg
WARN037,Warning this area may contain asbestos safety sign,https://cdn-images.imagevenue.com/41/ac/90/ME14I895_o.jpg
WARN038,Danger keep hands clear safety sign,https://cdn-images.imagevenue.com/2f/22/b5/ME14I897_o.jpg
WARN039,Caution steep stairway use handrails safety sign,https://cdn-images.imagevenue.com/99/f0/ac/ME14I89A_o.jpg
WARN040,Beware cameras are fitted to this vehicle safety sign,https://cdn-images.imagevenue.com/6d/d6/9d/ME14I89G_o.jpg
WARN041,Danger electrical shock hazard safety sign,https://cdn-images.imagevenue.com/a7/ea/dd/ME14I89N_o.jpg
WARN042,Caution mind the gap safety sign,https://cdn-images.imagevenue.com/12/ae/4e/ME14I89S_o.jpg
WARN043,Emergency gas shut off safety sign,https://cdn-images.imagevenue.com/68/7b/ab/ME14I89W_o.jpg
WARN044,Warning laser aperture safety sign,https://cdn-images.imagevenue.com/03/2c/7d/ME14I8A8_o.jpg
WARN045,Caution cylinder storage area safety sign,https://cdn-images.imagevenue.com/33/aa/0e/ME14I8AJ_o.jpg
WARN046,Warning crush hazard safety sign,https://cdn-images.imagevenue.com/a7/95/9e/ME14I8AK_o.jpg
WARN047,Warning clinical waste safety sign,https://cdn-images.imagevenue.com/29/bf/bb/ME14I8AN_o.jpg
WARN048,Warning these premises are under 24 hour CCTV surveillance safety sign,https://cdn-images.imagevenue.com/f5/b5/a8/ME14I8AQ_o.jpg
WARN049,Caution hot surface safety sign,https://cdn-images.imagevenue.com/83/06/58/ME14I8AY_o.jpg
WARN050,Caution enter at own risk safety sign,https://cdn-images.imagevenue.com/3d/27/e4/ME14I8B0_o.jpg
WARN051,Caution X-Ray safety sign,https://cdn-images.imagevenue.com/c6/74/85/ME14I8B2_o.jpg
WARN052,Danger asbestos safety sign,https://cdn-images.imagevenue.com/47/04/16/ME14I8B5_o.jpg
WARN053,CCTV in operation safety sign,https://cdn-images.imagevenue.com/29/23/9c/ME14I8B8_o.jpg
WARN054,Danger live electrical equipment safety sign,https://cdn-images.imagevenue.com/e0/0f/66/ME14I8BB_o.jpg
WARN055,Danger men working on electrical circuits safety sign,https://cdn-images.imagevenue.com/92/20/5c/ME14I8BD_o.jpg
WARN056,Caution wet floor safety sign,https://cdn-images.imagevenue.com/d3/7d/6a/ME14I8BK_o.jpg
WARN057,Emergency electric mains shut off switch safety sign,https://cdn-images.imagevenue.com/c9/36/20/ME14I8BL_o.jpg
WARN058,Caution trailling wires safety sign,https://cdn-images.imagevenue.com/c7/11/55/ME14I8BN_o.jpg
WARN059,Warning non-ionising radiation safety sign,https://cdn-images.imagevenue.com/13/59/c8/ME14I8BP_o.jpg
WARN060,Warning laser radiation safety sign,https://cdn-images.imagevenue.com/47/e3/8d/ME14I8C7_o.jpg
WARN061,Warning radioactive safety sign,https://cdn-images.imagevenue.com/ef/02/b4/ME14I8C9_o.jpg
WARN062,Radioactive safety sign,https://cdn-images.imagevenue.com/ba/9c/07/ME14I8CG_o.jpg
WARN063,Danger 415 volts safety sign,https://cdn-images.imagevenue.com/2b/86/d6/ME14I8CT_o.jpg
WARN064,Warning optical radiation safety sign,https://cdn-images.imagevenue.com/b2/3b/f0/ME14I8FD_o.jpg
WARN065,Danger buried gas pipes safety sign,https://cdn-images.imagevenue.com/b0/44/b1/ME14I8FG_o.jpg
WARN066,Warning high pressure safety sign,https://cdn-images.imagevenue.com/6b/b5/63/ME14I8FQ_o.jpg
WARN067,Warning step down safety sign,https://cdn-images.imagevenue.com/18/07/85/ME14I8FT_o.jpg
WARN068,Warning pressurised cylinder safety sign,https://cdn-images.imagevenue.com/7d/32/f6/ME14I8FX_o.jpg
WARN069,Emergency main gas valve shut off safety sign,https://cdn-images.imagevenue.com/66/47/26/ME14I8FY_o.jpg
WARN070,Warning bleach and harmful substances stored in cupboard safety sign,https://cdn-images.imagevenue.com/84/61/d9/ME14I8G6_o.jpg
WARN071,Warning enviornmental hazard safety sign,https://cdn-images.imagevenue.com/10/2a/41/ME14I8G8_o.jpg
WARN072,Danger hot water safety sign,https://cdn-images.imagevenue.com/de/1c/a7/ME14I8GA_o.jpg
WARN073,COSHH cupboard caution hazardous chemicals stored here safety sign,https://cdn-images.imagevenue.com/0e/0e/52/ME14I8GD_o.jpg
WARN074,Warning electric ground hazard safety sign,https://cdn-images.imagevenue.com/a8/fc/c5/ME14I8GQ_o.jpg
WARN075,Oxygen safety sign,https://cdn-images.imagevenue.com/c1/5b/91/ME14I8H2_o.jpg
WARN076,Electrical equipment cupboard safety sign,https://cdn-images.imagevenue.com/a6/62/5a/ME14I8HD_o.jpg
WARN077,Yellow clinical waste bags only safety sign,https://cdn-images.imagevenue.com/27/5d/fb/ME14I8HI_o.jpg
WARN078,No drugs left in this vehicle overnight safety sign,https://cdn-images.imagevenue.com/f8/6f/08/ME14I8HK_o.jpg
WARN079,Beware dogs loose safety sign,https://cdn-images.imagevenue.com/c7/fe/8c/ME14I8HP_o.jpg
WARN080,Caution gates open inwards safety sign,https://cdn-images.imagevenue.com/64/90/b6/ME14I8HY_o.jpg
WARN081,Electrical cupboard warning hazardous location safety sign,https://cdn-images.imagevenue.com/69/0c/79/ME14I8I5_o.jpg
WARN082,Boiler room & gas meter safety sign,https://cdn-images.imagevenue.com/18/71/6d/ME14I8IB_o.jpg
WARN083,Temporarily out of service safety sign,https://cdn-images.imagevenue.com/53/3e/9f/ME14I8PQ_o.jpg
WARN084,Caution gates open inwards stop at line safety sign,https://cdn-images.imagevenue.com/a4/00/e0/ME14I8PS_o.jpg
WARN085,Warning out of service for repairs safety sign,https://cdn-images.imagevenue.com/72/fe/49/ME14I8PT_o.jpg
MAND001,Use navigation lights safety sign,https://cdn-images.imagevenue.com/d4/2c/79/ME14I8QG_o.jpg
MAND002,Consume food and drink in this area only safety sign,https://cdn-images.imagevenue.com/e5/0f/38/ME14I8QJ_o.jpg
MAND003,Waiting room safety sign,https://cdn-images.imagevenue.com/3c/44/a6/ME14I8QM_o.jpg
MAND004,Please close the gate behind you safety sign,https://cdn-images.imagevenue.com/b4/0a/e6/ME14I8QY_o.jpg
MAND005,Waiting area safety sign,https://cdn-images.imagevenue.com/ca/d9/10/ME14I8R0_o.jpg
MAND006,Customer waiting area safety sign,https://cdn-images.imagevenue.com/56/13/6c/ME14I8R2_o.jpg
MAND007,Please keep clear disabled access required safety sign,https://cdn-images.imagevenue.com/7c/c6/5a/ME14I8R9_o.jpg
MAND008,Food preperation area raw food only safety sign,https://cdn-images.imagevenue.com/80/3a/13/ME14I8S7_o.jpg
MAND009,Customers are asked to remain in viewarea vehicle MOT safety sign,https://cdn-images.imagevenue.com/65/ac/48/ME14I8UZ_o.jpg
MAND010,Keep doors open safety sign,https://cdn-images.imagevenue.com/e3/94/3f/ME14I8VW_o.jpg
MAND011,Lift correctly safety sign,https://cdn-images.imagevenue.com/d1/dd/c1/ME14I8VX_o.jpg
MAND012,Gloves must be worn when handling chemicals safety sign,https://cdn-images.imagevenue.com/75/7a/bb/ME14I8VY_o.jpg
MAND013,Keep doors open for ventillation safety sign,https://cdn-images.imagevenue.com/aa/20/95/ME14I8VZ_o.jpg
MAND014,Eye protection must be worn when handling chemicals safety sign,https://cdn-images.imagevenue.com/b5/60/3f/ME14I8W0_o.jpg
MAND015,Please knock before enting safety sign,https://cdn-images.imagevenue.com/38/7b/ac/ME14I8W1_o.jpg
MAND016,Please switch off light and lock door when leaving safety sign,https://cdn-images.imagevenue.com/74/5f/44/ME14I8W5_o.jpg
MAND017,Tow hitch must be secured safety sign,https://cdn-images.imagevenue.com/7b/69/11/ME14I8W7_o.jpg
MAND018,You can only consume food and drink purchased on these premises safety sign,https://cdn-images.imagevenue.com/63/6d/ee/ME14I8WH_o.jpg
MAND019,Eye protection must be worn safety sign,https://cdn-images.imagevenue.com/e1/e5/36/ME14I8WO_o.jpg
MAND020,Take care on the stairs safety sign,https://cdn-images.imagevenue.com/f4/61/10/ME14I8WR_o.jpg
MAND021,Chemical toilet disposal safety sign,https://cdn-images.imagevenue.com/13/c4/50/ME14I8WS_o.jpg
MAND022,Please ring the bell for assistance disabled safety sign,https://cdn-images.imagevenue.com/a7/7a/3a/ME14I8WT_o.jpg
MAND023,Seatbelt harness cutter in glove compartment safety sign,https://cdn-images.imagevenue.com/06/54/ac/ME14I8WZ_o.jpg
MAND024,Hand drier safety sign,https://cdn-images.imagevenue.com/b3/ef/dc/ME14I8X6_o.jpg
MAND025,Use only with adequate ventillation safety sign,https://cdn-images.imagevenue.com/c3/7a/df/ME14I8XB_o.jpg
MAND026,Clean up your dogs waste safety sign,https://cdn-images.imagevenue.com/2d/bd/dd/ME14I8Z4_o.jpg
MAND027,Please ensure door is securely closed on entry and exit safety sign,https://cdn-images.imagevenue.com/77/12/ab/ME14I8Z8_o.jpg
MAND028,Keep kitchen area clean safety sign,https://cdn-images.imagevenue.com/c5/b7/0b/ME14I8ZF_o.jpg
MAND029,This kitchen must be kept clean and tidy safety sign,https://cdn-images.imagevenue.com/3d/a2/5d/ME14I8ZH_o.jpg
MAND030,Please use handrails when ascending and descending the stiars safety sign,https://cdn-images.imagevenue.com/af/4b/07/ME14I8ZJ_o.jpg
MAND031,Please keep this area tidy safety sign,https://cdn-images.imagevenue.com/0f/b0/13/ME14I8ZK_o.jpg
EMER001,Medical locker safety sign,https://cdn-images.imagevenue.com/87/82/e9/ME14I8ZS_o.jpg
EMER002,Eye wash safety sign,https://cdn-images.imagevenue.com/4e/d9/10/ME14I8ZX_o.jpg
EMER003,Emergency torch safety sign,https://cdn-images.imagevenue.com/4f/13/1d/ME14I901_o.jpg
EMER004,First aid stretcher safety sign,https://cdn-images.imagevenue.com/4f/cd/5e/ME14I904_o.jpg
EMER005,First aid responder safety sign,https://cdn-images.imagevenue.com/ea/4d/b4/ME14I906_o.jpg
EMER006,Recycle safety sign,https://cdn-images.imagevenue.com/ba/a0/1e/ME14I90E_o.jpg
EMER007,Non hazardous general waste safety sign,https://cdn-images.imagevenue.com/8b/34/53/ME14I90O_o.jpg
EMER008,Event medic safety sign,https://cdn-images.imagevenue.com/11/a0/64/ME14I90Q_o.jpg
EMER009,Emergency call point safety sign,https://cdn-images.imagevenue.com/b9/8a/44/ME14I90W_o.jpg
EMER010,Water mains shut off valve safety sign,https://cdn-images.imagevenue.com/97/f9/3d/ME14I91Q_o.jpg
EMER011,Recycling bin safety sign,https://cdn-images.imagevenue.com/ad/7c/3b/ME14I92H_o.jpg
EMER012,Lift emergency stop safety sign,https://cdn-images.imagevenue.com/85/3b/24/ME14I92T_o.jpg
EMER013,Child seat presence and orientation detection system safety sign,https://cdn-images.imagevenue.com/f6/19/bf/ME14I92W_o.jpg
EMER014,In emergency push to open safety sign,https://cdn-images.imagevenue.com/a3/57/82/ME14I92X_o.jpg
